{
    "0": -46.3359375,
    "1": -45.5390625,
    "2": 6.603515625,
    "3": -28.984375,
    "4": -45.6875,
    "5": -29.0078125,
    "6": -40.7109375,
    "7": -45.828125,
    "8": -46.0546875,
    "9": -46.4765625,
    "10": -44.203125,
    "11": -44.8984375,
    "12": -47.859375,
    "13": -48.5703125,
    "14": -46.0,
    "15": -15.68359375,
    "16": -24.49609375,
    "17": -43.9375,
    "18": -47.8828125,
    "19": -48.2578125,
    "20": -45.140625,
    "21": -33.326171875,
    "22": -48.25,
    "23": -47.9609375,
    "24": -41.6640625,
    "25": -39.734375,
    "26": -46.0546875,
    "27": -37.625,
    "28": -36.890625,
    "29": -45.3125,
    "30": -32.5859375,
    "31": -41.984375,
    "32": -45.7421875,
    "33": -33.54736328125,
    "34": -29.470703125,
    "35": -48.5,
    "36": -41.25,
    "37": -21.326171875,
    "38": -46.8984375,
    "39": -44.921875,
    "40": -45.2890625
}
